PassengerId,Name,SibSp,Parch,Ticket,Fare_scaled,Sex_male,Embarked_Q,Embarked_S,AgeGroup_10-20,AgeGroup_20-30,AgeGroup_30-40,AgeGroup_40-50,AgeGroup_50-60,AgeGroup_60-70,AgeGroup_70-80,Pclass_1,Pclass_2,Pclass_3,Survived
1,"Braund, Mr. Owen Harris",1,0,A/5 21171,-0.8164322219090124,1,0,1,0,1,0,0,0,0,0,0,0,1,0
2,"Cumings, Mrs. John Bradley (Florence Briggs Thayer)",1,0,PC 17599,3.5259719389347315,0,0,0,0,0,1,0,0,0,0,1,0,0,1
3,"Heikkinen, Miss. Laina",0,0,STON/O2. 3101282,-0.7706572453176213,0,0,1,0,1,0,0,0,0,0,0,0,1,1
4,"Futrelle, Mrs. Jacques Heath (Lily May Peel)",1,0,113803,2.292875447298816,0,0,1,0,0,1,0,0,0,0,1,0,0,1
5,"Allen, Mr. William Henry",0,0,373450,-0.7621803978006969,1,0,1,0,0,1,0,0,0,0,0,0,1,0
7,"McCarthy, Mr. Timothy J",0,0,17463,2.2089546568812657,1,0,1,0,0,0,0,1,0,0,1,0,0,0
8,"Palsson, Master. Gosta Leonard",3,1,349909,0.1211071134628137,1,0,1,0,0,0,0,0,0,0,0,0,1,0
9,"Johnson, Mrs. Oscar W (Elisabeth Vilhelmina Berg)",0,2,347742,-0.5530870862092357,0,0,1,0,1,0,0,0,0,0,0,0,1,1
10,"Nasser, Mrs. Nicholas (Adele Achem)",1,0,237736,0.7311553126047937,0,0,0,1,0,0,0,0,0,0,0,1,0,1
11,"Sandstrom, Miss. Marguerite Rut",1,1,PP 9549,-0.17558254962953634,0,0,1,0,0,0,0,0,0,0,0,0,1,1
12,"Bonnell, Miss. Elizabeth",0,0,113783,0.4923930347040976,0,0,1,0,0,0,0,1,0,0,1,0,0,1
13,"Saundercock, Mr. William Henry",0,0,A/5. 2151,-0.7621803978006969,1,0,1,1,0,0,0,0,0,0,0,0,1,0
14,"Andersson, Mr. Anders Johan",1,5,347082,0.8128178708438355,1,0,1,0,0,1,0,0,0,0,0,0,1,0
15,"Vestrom, Miss. Hulda Amanda Adolfina",0,0,350406,-0.7754585317512073,0,0,1,1,0,0,0,0,0,0,0,0,1,0
16,"Hewlett, Mrs. (Mary D Kingcome) ",0,0,248706,-0.2230528957243123,0,0,1,0,0,0,0,1,0,0,0,1,0,1
17,"Rice, Master. Eugene",4,1,382652,0.6670160935527378,1,1,0,0,0,0,0,0,0,0,0,0,1,0
19,"Vander Planke, Mrs. Julius (Emelia Maria Vandemoortele)",1,0,345763,-0.08742333545352372,0,0,1,0,0,1,0,0,0,0,0,0,1,0
21,"Fynney, Mr. Joseph J",0,0,239865,0.4550949056296307,1,0,1,0,0,1,0,0,0,0,0,1,0,0
22,"Beesley, Mr. Lawrence",0,0,248698,-0.4264972361304952,1,0,1,0,0,1,0,0,0,0,0,1,0,1
23,"McGowan, Miss. Anna ""Annie""",0,0,330923,-0.7635909452275133,0,1,0,1,0,0,0,0,0,0,0,0,1,1
24,"Sloper, Mr. William Thompson",0,0,113788,1.0993353169158766,1,0,1,0,1,0,0,0,0,0,1,0,0,1
25,"Palsson, Miss. Torborg Danira",3,1,349909,0.1211071134628137,0,0,1,0,0,0,0,0,0,0,0,0,1,0
26,"Asplund, Mrs. Carl Oscar (Selma Augusta Emilia Johansson)",1,5,347077,0.8204470336090675,0,0,1,0,0,1,0,0,0,0,0,0,1,1
31,"Uruchurtu, Don. Manuel E",0,0,PC 17601,0.5717905792866173,1,0,0,0,0,1,0,0,0,0,1,0,0,0
34,"Wheadon, Mr. Edward H",0,0,C.A. 24579,-0.596034186468981,1,0,1,0,0,0,0,0,1,0,0,1,0,0
36,"Holverson, Mr. Alexander Oskar",1,0,113789,2.2182791891498828,1,0,1,0,0,0,1,0,0,0,1,0,0,0
38,"Cann, Mr. Ernest Charles",0,0,A./5. 2152,-0.7621803978006969,1,0,1,0,1,0,0,0,0,0,0,0,1,0
39,"Vander Planke, Miss. Augusta Maria",2,0,345764,-0.08742333545352372,0,0,1,1,0,0,0,0,0,0,0,0,1,0
40,"Nicola-Yarred, Miss. Jamila",1,0,2651,-0.545735964042559,0,0,0,1,0,0,0,0,0,0,0,0,1,1
41,"Ahlin, Mrs. Johan (Johanna Persdotter Larsson)",1,0,7546,-0.6655443361077601,0,0,1,0,0,1,0,0,0,0,0,0,1,0
42,"Turpin, Mrs. William John Robert (Dorothy Ann Wonnacott)",1,0,11668,0.11602100495265918,0,0,1,0,1,0,0,0,0,0,0,1,0,0
44,"Laroche, Miss. Simonne Marie Anne Andree",1,2,SC/Paris 2123,1.5115949283149657,0,0,0,0,0,0,0,0,0,0,0,1,0,1
45,"Devaney, Miss. Margaret Delia",0,0,330958,-0.7737631622478223,0,1,0,1,0,0,0,0,0,0,0,0,1,1
50,"Arnold-Franchi, Mrs. Josef (Josefine Franchi)",1,0,349237,-0.10098629148060252,0,0,1,1,0,0,0,0,0,0,0,0,1,0
51,"Panula, Master. Juha Niilo",4,1,3101295,1.38330970873284,1,0,1,0,0,0,0,0,0,0,0,0,1,0
52,"Nosworthy, Mr. Richard Cater",0,0,A/4. 39886,-0.7791340928345455,1,0,1,0,1,0,0,0,0,0,0,0,1,0
54,"Faunthorpe, Mrs. Lizzie (Elizabeth Anne Wilkinson)",1,0,2926,0.4550949056296307,0,0,1,0,1,0,0,0,0,0,0,1,0,1
55,"Ostby, Mr. Engelhart Cornelius",0,1,113509,2.895016443077009,1,0,0,0,0,0,0,0,1,0,1,0,0,0
57,"Rugg, Miss. Emily",0,0,C.A. 31026,-0.596034186468981,0,0,1,0,1,0,0,0,0,0,0,1,0,1
58,"Novel, Mr. Mansouer",0,0,2697,-0.8178427693358288,1,0,0,0,1,0,0,0,0,0,0,0,1,0
59,"West, Miss. Constance Mirium",1,2,C.A. 34651,0.5737707708665707,0,0,1,0,0,0,0,0,0,0,0,1,0,1
60,"Goodwin, Master. William Frederick",5,2,CA 2144,1.8724238104593713,1,0,1,1,0,0,0,0,0,0,0,0,1,0
61,"Sirayanian, Mr. Orsen",0,0,2669,-0.8178427693358288,1,0,0,0,1,0,0,0,0,0,0,0,1,0
64,"Skoog, Master. Harald",3,2,347088,0.5839429878868797,1,0,1,0,0,0,0,0,0,0,0,0,1,0
67,"Nye, Mrs. (Elizabeth Ramell)",0,0,C.A. 29395,-0.596034186468981,0,0,1,0,1,0,0,0,0,0,0,1,0,1
68,"Crease, Mr. Ernest James",0,0,S.P. 3464,-0.7548360571120337,1,0,1,1,0,0,0,0,0,0,0,0,1,0
69,"Andersson, Miss. Erna Alexandra",4,2,3101281,-0.7706572453176213,0,0,1,1,0,0,0,0,0,0,0,0,1,1
70,"Kink, Mr. Vincenz",2,0,315151,-0.720643844967768,1,0,1,0,1,0,0,0,0,0,0,0,1,0
71,"Jenkin, Mr. Stephen Curnow",0,0,C.A. 33111,-0.596034186468981,1,0,1,0,0,1,0,0,0,0,0,1,0,0
72,"Goodwin, Miss. Lillian Amy",5,2,CA 2144,1.8724238104593713,0,0,1,1,0,0,0,0,0,0,0,0,1,0
74,"Chronopoulos, Mr. Apostolos",1,0,2680,-0.3278809828576048,1,0,0,0,1,0,0,0,0,0,0,0,1,0
75,"Bing, Mr. Lee",0,0,1601,2.5231608776825887,1,0,1,0,0,1,0,0,0,0,0,0,1,1
76,"Moen, Mr. Sigurd Hansen",0,0,348123,-0.7893063098548547,1,0,1,0,1,0,0,0,0,0,0,0,1,0
80,"Dowdell, Miss. Elizabeth",0,0,364516,-0.4620999957015772,0,0,1,0,1,0,0,0,0,0,0,0,1,1
81,"Waelens, Mr. Achille",0,0,345767,-0.6977563566720724,1,0,1,0,1,0,0,0,0,0,0,0,1,0
82,"Sheerlinck, Mr. Jan Baptist",0,0,345779,-0.6638489666043753,1,0,1,0,1,0,0,0,0,0,0,0,1,1
84,"Carrau, Mr. Francisco M",0,0,113059,1.8859867664864505,1,0,1,0,1,0,0,0,0,0,1,0,0,0
85,"Ilett, Miss. Bertha",0,0,SO/C 14885,-0.596034186468981,0,0,1,1,0,0,0,0,0,0,0,1,0,1
86,"Backstrom, Mrs. Karl Alfred (Maria Mathilda Gustafsson)",3,0,3101278,-0.2332251127446215,0,0,1,0,0,1,0,0,0,0,0,0,1,1
87,"Ford, Mr. William Neal",1,3,W./C. 6608,1.023043689263558,1,0,1,1,0,0,0,0,0,0,0,0,1,0
90,"Celotti, Mr. Francesco",0,0,343275,-0.7621803978006969,1,0,1,0,1,0,0,0,0,0,0,0,1,0
91,"Christmann, Mr. Emil",0,0,343276,-0.7621803978006969,1,0,1,0,1,0,0,0,0,0,0,0,1,0
92,"Andreasson, Mr. Paul Edvin",0,0,347466,-0.7754585317512073,1,0,1,1,0,0,0,0,0,0,0,0,1,0
93,"Chaffee, Mr. Herbert Fuller",1,0,W.E.P. 5734,2.8404797968921254,1,0,1,0,0,0,1,0,0,0,1,0,0,0
94,"Dean, Mr. Bertram Frank",1,2,C.A. 2315,0.08719972339511656,1,0,1,0,1,0,0,0,0,0,0,0,1,0
95,"Coxon, Mr. Daniel",0,0,364500,-0.8164322219090124,1,0,1,0,0,0,0,1,0,0,0,0,1,0
97,"Goldschmidt, Mr. George B",0,0,PC 17754,1.0419775758773602,1,0,0,0,0,0,0,0,0,1,1,0,0,0
98,"Greenfield, Mr. William Bertram",0,1,PC 17759,2.988539806361732,1,0,0,0,1,0,0,0,0,0,1,0,0,1
99,"Doling, Mrs. John T (Ada Julia Bone)",0,1,231919,0.2516505652234478,0,0,1,0,0,1,0,0,0,0,0,1,0,1
100,"Kantor, Mr. Sinai",1,0,244367,0.4550949056296307,1,0,1,0,0,1,0,0,0,0,0,1,0,0
101,"Petranec, Miss. Matilda",0,0,349245,-0.7726374368975747,0,0,1,0,1,0,0,0,0,0,0,0,1,0
104,"Johansson, Mr. Gustaf Joel",0,0,7540,-0.7212067076428919,1,0,1,0,0,1,0,0,0,0,0,0,1,0
105,"Gustafsson, Mr. Anders Vilhelm",2,0,3101276,-0.7706572453176213,1,0,1,0,0,1,0,0,0,0,0,0,1,0
106,"Mionoff, Mr. Stoytcho",0,0,349207,-0.7726374368975747,1,0,1,0,1,0,0,0,0,0,0,0,1,0
107,"Salkjelsvik, Miss. Anna Kristine",0,0,343120,-0.7893063098548547,0,0,1,0,1,0,0,0,0,0,0,0,1,1
109,"Rekic, Mr. Tido",0,0,349249,-0.7726374368975747,1,0,1,0,0,1,0,0,0,0,0,0,1,0
111,"Porter, Mr. Walter Chamberlain",0,0,110465,2.2182791891498828,1,0,1,0,0,0,1,0,0,0,1,0,0,0
112,"Zabour, Miss. Hileni",1,0,2665,-0.3278809828576048,0,0,0,1,0,0,0,0,0,0,0,0,1,0
113,"Barton, Mr. David John",0,0,324669,-0.7621803978006969,1,0,1,0,1,0,0,0,0,0,0,0,1,0
114,"Jussila, Miss. Katriina",1,0,4136,-0.6418091630603722,0,0,1,1,0,0,0,0,0,0,0,0,1,0
115,"Attalah, Miss. Malake",0,0,2627,-0.32760294225904973,0,0,0,1,0,0,0,0,0,0,0,0,1,0
116,"Pekoniemi, Mr. Edvard",0,0,STON/O 2. 3101294,-0.7706572453176213,1,0,1,0,1,0,0,0,0,0,0,0,1,0
117,"Connors, Mr. Patrick",0,0,370369,-0.7825248318413153,1,1,0,0,0,0,0,0,0,1,0,0,1,0
118,"Turpin, Mr. William John Robert",1,0,11668,0.11602100495265918,1,0,1,0,1,0,0,0,0,0,0,1,0,0
120,"Andersson, Miss. Ellis Anna Maria",4,2,347082,0.8128178708438355,0,0,1,0,0,0,0,0,0,0,0,0,1,0
123,"Nasser, Mr. Nicholas",1,0,237736,0.7311553126047937,1,0,0,0,0,1,0,0,0,0,0,1,0,0
124,"Webber, Miss. Susan",0,0,27267,-0.4264972361304952,0,0,1,0,0,1,0,0,0,0,0,1,0,1
126,"Nicola-Yarred, Master. Elias",1,0,2651,-0.545735964042559,1,0,0,1,0,0,0,0,0,0,0,0,1,1
128,"Madsen, Mr. Fridtjof Arne",0,0,C 17369,-0.8237765625976756,1,0,1,0,1,0,0,0,0,0,0,0,1,1
130,"Ekstrom, Mr. Johan",0,0,347061,-0.8350812864462459,1,0,1,0,0,0,1,0,0,0,0,0,1,0
131,"Drazenoic, Mr. Jozef",0,0,349241,-0.7726374368975747,1,0,0,0,0,1,0,0,0,0,0,0,1,0
132,"Coelho, Mr. Domingos Fernandeo",0,0,SOTON/O.Q. 3101307,-0.8299951779360912,1,0,1,1,0,0,0,0,0,0,0,0,1,0
133,"Robins, Mrs. Alexander A (Grace Charity Laury)",1,0,A/5. 3337,-0.32477506592740374,0,0,1,0,0,0,1,0,0,0,0,0,1,0
134,"Weisz, Mrs. Leopold (Mathilde Francoise Pede)",1,0,228414,0.4550949056296307,0,0,1,0,1,0,0,0,0,0,0,1,0,1
135,"Sobey, Mr. Samuel James Hayden",0,0,C.A. 29178,-0.4264972361304952,1,0,1,0,1,0,0,0,0,0,0,1,0,0
136,"Richard, Mr. Emile",0,0,SC/PARIS 2133,-0.28776175892950556,1,0,0,0,1,0,0,0,0,0,0,1,0,0
137,"Newsom, Miss. Helen Monypeny",0,2,11752,0.47430683284198794,0,0,1,1,0,0,0,0,0,0,1,0,0,1
138,"Futrelle, Mr. Jacques Heath",1,0,113803,2.292875447298816,1,0,1,0,0,1,0,0,0,0,1,0,0,0
139,"Osen, Mr. Olaf Elon",0,0,7534,-0.6830608938167325,1,0,1,1,0,0,0,0,0,0,0,0,1,0
142,"Nysten, Miss. Anna Sofia",0,0,347081,-0.7825248318413153,0,0,1,0,1,0,0,0,0,0,0,0,1,1
143,"Hakkarainen, Mrs. Pekka Pietari (Elin Matilda Dolck)",1,0,STON/O2. 3101279,-0.2332251127446215,0,0,1,0,1,0,0,0,0,0,0,0,1,1
144,"Burke, Mr. Jeremiah",0,0,365222,-0.8503396119767096,1,1,0,1,0,0,0,0,0,0,0,0,1,0
145,"Andrew, Mr. Edgardo Samuel",0,0,231945,-0.5282194063335867,1,0,1,1,0,0,0,0,0,0,0,1,0,0
146,"Nicholls, Mr. Joseph Charles",1,1,C.A. 33112,1.1841037920851194,1,0,1,1,0,0,0,0,0,0,0,1,0,0
147,"Andersson, Mr. August Edvard (""Wennerstrom"")",0,0,350043,-0.7794189149111143,1,0,1,0,1,0,0,0,0,0,0,0,1,1
148,"Ford, Miss. Robina Maggie ""Ruby""",2,2,W./C. 6608,1.023043689263558,0,0,1,0,0,0,0,0,0,0,0,0,1,0
149,"Navratil, Mr. Michel (""Louis M Hoffman"")",0,2,230080,0.4550949056296307,1,0,1,0,0,1,0,0,0,0,0,1,0,0
150,"Byles, Rev. Thomas Roussel Davids",0,0,244310,-0.4264972361304952,1,0,1,0,0,0,1,0,0,0,0,1,0,0
151,"Bateman, Rev. Robert James",0,0,S.O.P. 1166,-0.4587092566948075,1,0,1,0,0,0,0,1,0,0,0,1,0,0
152,"Pears, Mrs. Thomas (Edith Wearne)",1,0,113776,3.208374979126639,0,0,1,0,1,0,0,0,0,0,1,0,0,1
153,"Meo, Mr. Alfonzo",0,0,A.5. 11206,-0.7621803978006969,1,0,1,0,0,0,0,1,0,0,0,0,1,0
154,"van Billiard, Mr. Austin Blyler",0,2,A/5. 851,-0.32477506592740374,1,0,1,0,0,0,1,0,0,0,0,0,1,0
156,"Williams, Mr. Charles Duane",0,1,PC 17597,2.854327574995773,1,0,0,0,0,0,0,1,0,0,1,0,0,0
157,"Gilnagh, Miss. Katherine ""Katie""",0,0,35851,-0.7836573386695764,0,1,0,1,0,0,0,0,0,0,0,0,1,1
158,"Corn, Mr. Harry",0,0,SOTON/OQ 392090,-0.7621803978006969,1,0,1,0,1,0,0,0,0,0,0,0,1,0
161,"Cribb, Mr. John Hatfield",0,1,371362,-0.2162714177107728,1,0,1,0,0,0,1,0,0,0,0,0,1,0
162,"Watt, Mrs. James (Elizabeth ""Bessie"" Inglis Milne)",0,0,C.A. 33595,-0.2400065907581609,0,0,1,0,0,1,0,0,0,0,0,1,0,1
163,"Bengtsson, Mr. John Viktor",0,0,347068,-0.7808294623379304,1,0,1,0,1,0,0,0,0,0,0,0,1,0
164,"Calic, Mr. Jovo",0,0,315093,-0.720643844967768,1,0,1,1,0,0,0,0,0,0,0,0,1,0
165,"Panula, Master. Eino Viljami",4,1,3101295,1.38330970873284,1,0,1,0,0,0,0,0,0,0,0,0,1,0
166,"Goldsmith, Master. Frank John William ""Frankie""",0,2,363291,0.08380898438834679,1,0,1,0,0,0,0,0,0,0,0,0,1,1
168,"Skoog, Mrs. William (Anna Bernhardina Karlsson)",1,4,347088,0.5839429878868797,0,0,1,0,0,0,1,0,0,0,0,0,1,0
170,"Ling, Mr. Lee",0,0,1601,2.5231608776825887,1,0,1,0,1,0,0,0,0,0,0,0,1,0
171,"Van der hoef, Mr. Wyckoff",0,0,111240,0.963705756645088,1,0,1,0,0,0,0,0,1,0,1,0,0,0
172,"Rice, Master. Arthur",4,1,382652,0.6670160935527378,1,1,0,0,0,0,0,0,0,0,0,0,1,0
173,"Johnson, Miss. Eleanor Ileen",1,1,347742,-0.5530870862092357,0,0,1,0,0,0,0,0,0,0,0,0,1,1
174,"Sivola, Mr. Antti Wilhelm",0,0,STON/O 2. 3101280,-0.7706572453176213,1,0,1,0,1,0,0,0,0,0,0,0,1,0
175,"Smith, Mr. James Clinch",0,0,17764,0.7735395501894151,1,0,0,0,0,0,0,1,0,0,1,0,0,0
176,"Klasen, Mr. Klas Albin",1,1,350404,-0.7754585317512073,1,0,1,1,0,0,0,0,0,0,0,0,1,0
178,"Isham, Miss. Ann Elizabeth",0,0,PC 17595,0.6390424967468876,0,0,0,0,0,0,1,0,0,0,1,0,0,0
179,"Hale, Mr. Reginald",0,0,250653,-0.4264972361304952,1,0,1,0,1,0,0,0,0,0,0,1,0,0
180,"Leonard, Mr. Lionel",0,0,LINE,-1.308089377890621,1,0,1,0,0,1,0,0,0,0,0,0,1,0
183,"Asplund, Master. Clarence Gustaf Hugo",4,2,347077,0.8204470336090675,1,0,1,0,0,0,0,0,0,0,0,0,1,0
184,"Becker, Master. Richard F",2,1,230136,1.3366870473897565,1,0,1,0,0,0,0,0,0,0,0,1,0,1
185,"Kink-Heilmann, Miss. Luise Gretchen",0,2,315153,0.18553115459143824,0,0,1,0,0,0,0,0,0,0,0,0,1,1
188,"Romaine, Mr. Charles Hallace (""Mr C Rolmane"")",0,0,111428,0.4923930347040976,1,0,1,0,0,0,1,0,0,0,1,0,0,1
189,"Bourke, Mr. John",1,1,364849,-0.25696028579200947,1,1,0,0,0,1,0,0,0,0,0,0,1,0
190,"Turcin, Mr. Stjepan",0,0,349247,-0.7726374368975747,1,0,1,0,0,1,0,0,0,0,0,0,1,0
191,"Pinsky, Mrs. (Rosa)",0,0,234604,-0.4264972361304952,0,0,1,0,0,1,0,0,0,0,0,1,0,1
192,"Carbines, Mr. William",0,0,28424,-0.4264972361304952,1,0,1,1,0,0,0,0,0,0,0,1,0,0
193,"Andersen-Jensen, Miss. Carla Christine Nielsine",1,0,350046,-0.7754585317512073,0,0,1,1,0,0,0,0,0,0,0,0,1,1
194,"Navratil, Master. Michel M",1,1,230080,0.4550949056296307,1,0,1,0,0,0,0,0,0,0,0,1,0,1
195,"Brown, Mrs. James Joseph (Margaret Tobin)",0,0,PC 17610,0.5717905792866173,0,0,0,0,0,0,1,0,0,0,1,0,0,1
198,"Olsen, Mr. Karl Siegwart Andreas",0,1,4579,-0.7381604026767403,1,0,1,0,0,0,1,0,0,0,0,0,1,0
200,"Yrois, Miss. Henriette (""Mrs Harbeck"")",0,0,248747,-0.4264972361304952,0,0,1,0,1,0,0,0,0,0,0,1,0,0
201,"Vande Walle, Mr. Nestor Cyriel",0,0,345770,-0.6638489666043753,1,0,1,0,1,0,0,0,0,0,0,0,1,0
203,"Johanson, Mr. Jakob Alfred",0,0,3101264,-0.8675781290871268,1,0,1,0,0,1,0,0,0,0,0,0,1,0
204,"Youseff, Mr. Gerious",0,0,2628,-0.8181275914123973,1,0,0,0,0,0,1,0,0,0,0,0,1,0
205,"Cohen, Mr. Gurshon ""Gus""",0,0,A/5 3540,-0.7621803978006969,1,0,1,1,0,0,0,0,0,0,0,0,1,1
206,"Strom, Miss. Telma Matilda",0,1,347054,-0.5985772407240583,0,0,1,0,0,0,0,0,0,0,0,0,1,0
207,"Backstrom, Mr. Karl Alfred",1,0,3101278,-0.2332251127446215,1,0,1,0,0,1,0,0,0,0,0,0,1,0
208,"Albimona, Mr. Nassef Cassem",0,0,2699,-0.03401919609690061,1,0,0,0,1,0,0,0,0,0,0,0,1,1
209,"Carr, Miss. Helen ""Ellen""",0,0,367231,-0.7825248318413153,0,1,0,1,0,0,0,0,0,0,0,0,1,1
210,"Blank, Mr. Henry",0,0,112277,0.7941688063066021,1,0,0,0,0,1,0,0,0,0,1,0,0,1
211,"Ali, Mr. Ahmed",0,0,SOTON/O.Q. 3101311,-0.8299951779360912,1,0,1,0,1,0,0,0,0,0,0,0,1,0
212,"Cameron, Miss. Clear Annie",0,0,F.C.C. 13528,0.11602100495265918,0,0,1,0,0,1,0,0,0,0,0,1,0,1
213,"Perkin, Mr. John Henry",0,0,A/5 21174,-0.8164322219090124,1,0,1,0,1,0,0,0,0,0,0,0,1,0
214,"Givard, Mr. Hans Kristensen",0,0,250646,-0.4264972361304952,1,0,1,0,1,0,0,0,0,0,0,1,0,0
217,"Honkanen, Miss. Eliina",0,0,STON/O2. 3101283,-0.7706572453176213,0,0,1,0,1,0,0,0,0,0,0,0,1,1
218,"Jacobsohn, Mr. Sidney Samuel",1,0,243847,0.522909685765025,1,0,1,0,0,0,1,0,0,0,0,1,0,0
220,"Harris, Mr. Walter",0,0,W/C 14208,-0.596034186468981,1,0,1,0,1,0,0,0,0,0,0,1,0,0
221,"Sunderland, Mr. Victor Francis",0,0,SOTON/OQ 392089,-0.7621803978006969,1,0,1,1,0,0,0,0,0,0,0,0,1,1
222,"Bracken, Mr. James H",0,0,220367,-0.4264972361304952,1,0,1,0,1,0,0,0,0,0,0,1,0,0
223,"Green, Mr. George Henry",0,0,21440,-0.7621803978006969,1,0,1,0,0,0,0,1,0,0,0,0,1,0
226,"Berglund, Mr. Karl Ivar Sven",0,0,PP 4348,-0.6740211836246844,1,0,1,0,1,0,0,0,0,0,0,0,1,0
227,"Mellors, Mr. William John",0,0,SW/PP 751,-0.596034186468981,1,0,1,1,0,0,0,0,0,0,0,1,0,1
228,"Lovell, Mr. John Hall (""Henry"")",0,0,A/5 21173,-0.8164322219090124,1,0,1,0,1,0,0,0,0,0,0,0,1,0
229,"Fahlstrom, Mr. Arne Jonas",0,0,236171,-0.4264972361304952,1,0,1,1,0,0,0,0,0,0,0,1,0,0
232,"Larsson, Mr. Bengt Edvin",0,0,347067,-0.7808294623379304,1,0,1,0,1,0,0,0,0,0,0,0,1,0
233,"Sjostedt, Mr. Ernst Adolf",0,0,237442,-0.39258984606279806,1,0,1,0,0,0,0,1,0,0,0,1,0,0
234,"Asplund, Miss. Lillian Gertrud",4,2,347077,0.8204470336090675,0,0,1,0,0,0,0,0,0,0,0,0,1,1
235,"Leyson, Mr. Robert William Norman",0,0,C.A. 29566,-0.596034186468981,1,0,1,0,1,0,0,0,0,0,0,1,0,0
237,"Hold, Mr. Stephen",1,0,26707,0.4550949056296307,1,0,1,0,0,0,1,0,0,0,0,1,0,0
238,"Collyer, Miss. Marjorie ""Lottie""",0,2,C.A. 31921,0.47204860066347926,0,0,1,0,0,0,0,0,0,0,0,1,0,1
239,"Pengelly, Mr. Frederick William",0,0,28665,-0.596034186468981,1,0,1,1,0,0,0,0,0,0,0,1,0,0
240,"Hunt, Mr. George Henry",0,0,SCO/W 1585,-0.4756629517286561,1,0,1,0,0,1,0,0,0,0,0,1,0,0
243,"Coleridge, Mr. Reginald Charles",0,0,W./C. 14263,-0.596034186468981,1,0,1,0,1,0,0,0,0,0,0,1,0,0
244,"Maenpaa, Mr. Matti Alexanteri",0,0,STON/O 2. 3101275,-0.8249090694259368,1,0,1,0,1,0,0,0,0,0,0,0,1,0
245,"Attalah, Mr. Sleiman",0,0,2694,-0.8181275914123973,1,0,0,0,1,0,0,0,0,0,0,0,1,0
247,"Lindahl, Miss. Agda Thorilda Viktoria",0,0,347071,-0.7808294623379304,0,0,1,0,1,0,0,0,0,0,0,0,1,0
248,"Hamalainen, Mrs. William (Anna)",0,2,250649,-0.32477506592740374,0,0,1,0,1,0,0,0,0,0,0,1,0,1
249,"Beckwith, Mr. Richard Leonard",1,1,11751,2.255862140300918,1,0,1,0,0,1,0,0,0,0,1,0,0,1
250,"Carter, Rev. Ernest Courtenay",1,0,244252,0.4550949056296307,1,0,1,0,0,0,0,1,0,0,0,1,0,0
252,"Strom, Mrs. Wilhelm (Elna Matilda Persson)",1,1,347054,-0.5985772407240583,0,0,1,0,1,0,0,0,0,0,0,0,1,0
253,"Stead, Mr. William Thomas",0,0,113514,0.4923930347040976,1,0,1,0,0,0,0,0,1,0,1,0,0,0
254,"Lobb, Mr. William Arthur",1,0,A/5. 3336,-0.2162714177107728,1,0,1,0,1,0,0,0,0,0,0,0,1,0
255,"Rosblom, Mrs. Viktor (Helena Wilhelmina)",0,2,370129,0.06261686559603608,0,0,1,0,0,0,1,0,0,0,0,0,1,0
256,"Touma, Mrs. Darwis (Hanne Youssef Razi)",0,2,2650,-0.27419880290242676,0,0,0,0,1,0,0,0,0,0,0,0,1,1
260,"Parrish, Mrs. (Lutie Davis)",0,1,230433,0.4550949056296307,0,0,1,0,0,0,1,0,0,0,0,1,0,1
262,"Asplund, Master. Edvin Rojj Felix",4,2,347077,0.8204470336090675,1,0,1,0,0,0,0,0,0,0,0,0,1,1
264,"Harrison, Mr. William",0,0,112059,-1.308089377890621,1,0,1,0,0,1,0,0,0,0,1,0,0,0
266,"Reeves, Mr. David",0,0,C.A. 17248,-0.596034186468981,1,0,1,0,0,1,0,0,0,0,0,1,0,0
267,"Panula, Mr. Ernesti Arvid",4,1,3101295,1.38330970873284,1,0,1,1,0,0,0,0,0,0,0,0,1,0
268,"Persson, Mr. Ernst Ulrik",1,0,347083,-0.7808294623379304,1,0,1,0,1,0,0,0,0,0,0,0,1,1
272,"Tornquist, Mr. William Henry",0,0,LINE,-1.308089377890621,1,0,1,0,1,0,0,0,0,0,0,0,1,1
273,"Mellinger, Mrs. (Elizabeth Anne Maidment)",0,1,250644,0.014298834749567732,0,0,1,0,0,0,1,0,0,0,0,1,0,1
274,"Natsch, Mr. Charles H",0,1,PC 17596,0.7060095921305896,1,0,0,0,0,1,0,0,0,0,1,0,0,0
277,"Lindblom, Miss. Augusta Charlotta",0,0,347073,-0.7825248318413153,0,0,1,0,0,0,1,0,0,0,0,0,1,0
279,"Rice, Master. Eric",4,1,382652,0.6670160935527378,1,1,0,0,0,0,0,0,0,0,0,0,1,0
280,"Abbott, Mrs. Stanton (Rosa Hunt)",1,1,C.A. 2673,0.06515991985111345,0,0,1,0,0,1,0,0,0,0,0,0,1,1
281,"Duane, Mr. Frank",0,0,336439,-0.7825248318413153,1,1,0,0,0,0,0,0,1,0,0,0,1,0
282,"Olsson, Mr. Nils Johan Goransson",0,0,347464,-0.7754585317512073,1,0,1,0,1,0,0,0,0,0,0,0,1,0
283,"de Pelsmaeker, Mr. Alfons",0,0,345778,-0.6638489666043753,1,0,1,1,0,0,0,0,0,0,0,0,1,0
284,"Dorking, Mr. Edward Arthur",0,0,A/5. 10482,-0.7621803978006969,1,0,1,1,0,0,0,0,0,0,0,0,1,1
286,"Stankovic, Mr. Ivan",0,0,349239,-0.720643844967768,1,0,0,0,0,1,0,0,0,0,0,0,1,0
287,"de Mulder, Mr. Theodore",0,0,345774,-0.6638489666043753,1,0,1,0,1,0,0,0,0,0,0,0,1,1
288,"Naidenoff, Mr. Penko",0,0,349206,-0.7726374368975747,1,0,1,0,1,0,0,0,0,0,0,0,1,0
289,"Hosono, Mr. Masabumi",0,0,237798,-0.4264972361304952,1,0,1,0,0,0,1,0,0,0,0,1,0,1
290,"Connolly, Miss. Kate",0,0,370373,-0.7825248318413153,0,1,0,0,1,0,0,0,0,0,0,0,1,1
293,"Levy, Mr. Rene Jacques",0,0,SC/Paris 2163,-0.4349740836474195,1,0,0,0,0,1,0,0,0,0,0,1,0,0
294,"Haas, Miss. Aloisia",0,0,349236,-0.7079285736923816,0,0,1,0,1,0,0,0,0,0,0,0,1,0
295,"Mineff, Mr. Ivan",0,0,349233,-0.7726374368975747,1,0,1,0,1,0,0,0,0,0,0,0,1,0
297,"Hanna, Mr. Mansour",0,0,2693,-0.8178427693358288,1,0,0,0,1,0,0,0,0,0,0,0,1,0
303,"Johnson, Mr. William Cahoone Jr",0,0,LINE,-1.308089377890621,1,0,1,1,0,0,0,0,0,0,0,0,1,0
309,"Abelson, Mr. Samuel",1,0,P/PP 3381,0.3194653453588421,1,0,0,0,1,0,0,0,0,0,0,1,0,0
310,"Francatelli, Miss. Laura Mabel",0,0,PC 17485,2.5525518033932677,0,0,0,0,1,0,0,0,0,0,1,0,0,1
313,"Lahtinen, Mrs. William (Anna Sylfven)",1,1,250651,0.4550949056296307,0,0,1,0,1,0,0,0,0,0,0,1,0,0
314,"Hendekovic, Mr. Ignjac",0,0,349243,-0.7726374368975747,1,0,1,0,1,0,0,0,0,0,0,0,1,0
315,"Hart, Mr. Benjamin",1,1,F.C.C. 13529,0.47204860066347926,1,0,1,0,0,0,1,0,0,0,0,1,0,0
316,"Nilsson, Miss. Helmina Josefina",0,0,347470,-0.7754585317512073,0,0,1,0,1,0,0,0,0,0,0,0,1,1
317,"Kantor, Mrs. Sinai (Miriam Sternin)",1,0,244367,0.4550949056296307,0,0,1,0,1,0,0,0,0,0,0,1,0,1
318,"Moraweck, Dr. Ernest",0,0,29011,-0.3586824559951009,1,0,1,0,0,0,0,1,0,0,0,1,0,0
321,"Dennis, Mr. Samuel",0,0,A/5 21172,-0.8164322219090124,1,0,1,0,1,0,0,0,0,0,0,0,1,0
322,"Danoff, Mr. Yoto",0,0,349219,-0.7726374368975747,1,0,1,0,1,0,0,0,0,0,0,0,1,0
323,"Slayter, Miss. Hilda Mary",0,0,234818,-0.4705768432185015,0,1,0,0,1,0,0,0,0,0,0,1,0,1
324,"Caldwell, Mrs. Albert Francis (Sylvia Mae Harbaugh)",1,1,248738,0.6585392460358136,0,0,1,0,1,0,0,0,0,0,0,1,0,1
327,"Nysveen, Mr. Johan Hansen",0,0,345364,-0.8850946867960992,1,0,1,0,0,0,0,0,1,0,0,0,1,0
328,"Ball, Mrs. (Ada E Hall)",0,0,28551,-0.4264972361304952,0,0,1,0,0,1,0,0,0,0,0,1,0,1
329,"Goldsmith, Mrs. Frank John (Emily Alice Brown)",1,1,363291,0.08380898438834679,0,0,1,0,0,1,0,0,0,0,0,0,1,1
330,"Hippach, Miss. Jean Gertrude",0,1,111361,2.6237573225354316,0,0,0,1,0,0,0,0,0,0,1,0,0,1
332,"Partner, Mr. Austen",0,0,113043,0.6246318559681164,1,0,1,0,0,0,1,0,0,0,1,0,0,0
334,"Vander Planke, Mr. Leo Edmondus",2,0,345764,-0.08742333545352372,1,0,1,1,0,0,0,0,0,0,0,0,1,0
337,"Pears, Mr. Thomas Clinton",1,0,113776,3.208374979126639,1,0,1,0,1,0,0,0,0,0,1,0,0,0
339,"Dahl, Mr. Karl Edwart",0,0,7598,-0.7621803978006969,1,0,1,0,0,0,1,0,0,0,0,0,1,1
340,"Blackwell, Mr. Stephen Weart",0,0,113784,1.0993353169158766,1,0,1,0,0,0,1,0,0,0,1,0,0,0
341,"Navratil, Master. Edmond Roger",1,1,230080,0.4550949056296307,1,0,1,0,0,0,0,0,0,0,0,1,0,1
343,"Collander, Mr. Erik Gustaf",0,0,248740,-0.4264972361304952,1,0,1,0,1,0,0,0,0,0,0,1,0,0
344,"Sedgwick, Mr. Charles Frederick Waddington",0,0,244361,-0.4264972361304952,1,0,1,0,1,0,0,0,0,0,0,1,0,0
345,"Fox, Mr. Stanley Hubert",0,0,229236,-0.4264972361304952,1,0,1,0,0,1,0,0,0,0,0,1,0,0
346,"Brown, Miss. Amelia ""Mildred""",0,0,248733,-0.4264972361304952,0,0,1,0,1,0,0,0,0,0,0,1,0,1
347,"Smith, Miss. Marion Elsie",0,0,31418,-0.4264972361304952,0,0,1,0,0,1,0,0,0,0,0,1,0,1
349,"Coutts, Master. William Loch ""William""",1,1,C.A. 37671,-0.22983437373785173,1,0,1,0,0,0,0,0,0,0,0,0,1,1
350,"Dimic, Mr. Jovan",0,0,315088,-0.720643844967768,1,0,1,0,0,0,1,0,0,0,0,0,1,0
351,"Odahl, Mr. Nils Martin",0,0,7267,-0.6824980311416087,1,0,1,0,1,0,0,0,0,0,0,0,1,0
353,"Elias, Mr. Tannous",1,1,2695,-0.8178427693358288,1,0,0,1,0,0,0,0,0,0,0,0,1,0
354,"Arnold-Franchi, Mr. Josef",1,0,349237,-0.10098629148060252,1,0,1,0,1,0,0,0,0,0,0,0,1,0
356,"Vanden Steen, Mr. Leo Peter",0,0,345783,-0.6638489666043753,1,0,1,0,1,0,0,0,0,0,0,0,1,0
357,"Bowerman, Miss. Elsie Edith",0,1,113505,2.4217235295560657,0,0,1,0,1,0,0,0,0,0,1,0,0,1
358,"Funk, Miss. Annie Clemmer",0,0,237671,-0.4264972361304952,0,0,1,0,0,1,0,0,0,0,0,1,0,0
361,"Skoog, Mr. Wilhelm",1,4,347088,0.5839429878868797,1,0,1,0,0,1,0,0,0,0,0,0,1,0
362,"del Carlo, Mr. Sebastiano",1,0,SC/PARIS 2167,0.5717905792866173,1,0,0,0,1,0,0,0,0,0,0,1,0,0
363,"Barbara, Mrs. (Catherine David)",0,1,2691,-0.3278809828576048,0,0,0,0,0,0,1,0,0,0,0,0,1,0
364,"Asim, Mr. Adola",0,0,SOTON/O.Q. 3101310,-0.8299951779360912,1,0,1,0,0,1,0,0,0,0,0,0,1,0
366,"Adahl, Mr. Mauritz Nils Martin",0,0,C 7076,-0.8164322219090124,1,0,1,0,1,0,0,0,0,0,0,0,1,0
370,"Aubart, Mme. Leontine Pauline",0,0,PC 17477,3.391474885492204,0,0,0,0,1,0,0,0,0,0,1,0,0,1
371,"Harder, Mr. George Achilles",1,0,11765,2.451677317941869,1,0,0,0,1,0,0,0,0,0,1,0,0,1
372,"Wiklund, Mr. Jakob Alfred",1,0,3101267,-0.8675781290871268,1,0,1,1,0,0,0,0,0,0,0,0,1,0
373,"Beavan, Mr. William Thomas",0,0,323951,-0.7621803978006969,1,0,1,1,0,0,0,0,0,0,0,0,1,0
375,"Palsson, Miss. Stina Viola",3,1,349909,0.1211071134628137,0,0,1,0,0,0,0,0,0,0,0,0,1,0
377,"Landergren, Miss. Aurora Adelia",0,0,C 7077,-0.8164322219090124,0,0,1,0,1,0,0,0,0,0,0,0,1,1
379,"Betros, Mr. Tannous",0,0,2648,-1.0359825725973515,1,0,0,1,0,0,0,0,0,0,0,0,1,0
380,"Gustafsson, Mr. Karl Gideon",0,0,347069,-0.7808294623379304,1,0,1,1,0,0,0,0,0,0,0,0,1,0
382,"Nakid, Miss. Maria (""Mary"")",0,2,2653,-0.24056945343328467,0,0,0,0,0,0,0,0,0,0,0,0,1,1
383,"Tikkanen, Mr. Juho",0,0,STON/O 2. 3101293,-0.7706572453176213,1,0,1,0,0,1,0,0,0,0,0,0,1,0
384,"Holverson, Mrs. Alexander Oskar (Mary Aline Towner)",1,0,113789,2.2182791891498828,0,0,1,0,0,1,0,0,0,0,1,0,0,1
387,"Goodwin, Master. Sidney Leonard",5,2,CA 2144,1.8724238104593713,1,0,1,0,0,0,0,0,0,0,0,0,1,0
388,"Buss, Miss. Kate",0,0,27849,-0.4264972361304952,0,0,1,0,0,1,0,0,0,0,0,1,0,1
390,"Lehmann, Miss. Bertha",0,0,SC 1748,-0.4943120162658895,0,0,0,1,0,0,0,0,0,0,0,1,0,1
392,"Jansson, Mr. Carl Olof",0,0,350034,-0.7794189149111143,1,0,1,0,1,0,0,0,0,0,0,0,1,1
393,"Gustafsson, Mr. Johan Birger",2,0,3101277,-0.7706572453176213,1,0,1,0,1,0,0,0,0,0,0,0,1,0
395,"Sandstrom, Mrs. Hjalmar (Agnes Charlotta Bengtsson)",0,2,PP 9549,-0.17558254962953634,0,0,1,0,1,0,0,0,0,0,0,0,1,1
396,"Johansson, Mr. Erik",0,0,350052,-0.7794189149111143,1,0,1,0,1,0,0,0,0,0,0,0,1,0
397,"Olsson, Miss. Elina",0,0,350407,-0.7754585317512073,0,0,1,0,0,1,0,0,0,0,0,0,1,0
398,"McKane, Mr. Peter David",0,0,28403,0.4550949056296307,1,0,1,0,0,0,1,0,0,0,0,1,0,0
399,"Pain, Dr. Alfred",0,0,244278,-0.596034186468981,1,0,1,0,1,0,0,0,0,0,0,1,0,0
400,"Trout, Mrs. William H (Jessie L)",0,0,240929,-0.4502324091778832,0,0,1,0,1,0,0,0,0,0,0,1,0,1
401,"Niskanen, Mr. Juha",0,0,STON/O 2. 3101289,-0.7706572453176213,1,0,1,0,0,1,0,0,0,0,0,0,1,1
402,"Adams, Mr. John",0,0,341826,-0.7621803978006969,1,0,1,0,1,0,0,0,0,0,0,0,1,0
403,"Jussila, Miss. Mari Aina",1,0,4137,-0.6418091630603722,0,0,1,0,1,0,0,0,0,0,0,0,1,0
404,"Hakkarainen, Mr. Pekka Pietari",1,0,STON/O2. 3101279,-0.2332251127446215,1,0,1,0,1,0,0,0,0,0,0,0,1,0
405,"Oreskovic, Miss. Marija",0,0,315096,-0.720643844967768,0,0,1,1,0,0,0,0,0,0,0,0,1,0
406,"Gale, Mr. Shadrach",1,0,28664,0.11602100495265918,1,0,1,0,0,1,0,0,0,0,0,1,0,0
407,"Widegren, Mr. Carl/Charles Peter",0,0,347064,-0.7825248318413153,1,0,1,0,0,0,0,1,0,0,0,0,1,0
408,"Richards, Master. William Rowe",1,1,29106,-0.03656225035197799,1,0,1,0,0,0,0,0,0,0,0,1,0,1
409,"Birkeland, Mr. Hans Martin Monsen",0,0,312992,-0.7808294623379304,1,0,1,0,1,0,0,0,0,0,0,0,1,0
415,"Sundman, Mr. Johan Julian",0,0,STON/O 2. 3101269,-0.7706572453176213,1,0,1,0,0,0,1,0,0,0,0,0,1,1
417,"Drew, Mrs. James Vivian (Lulu Thorne Christian)",1,1,28220,0.8958909765096936,0,0,1,0,0,1,0,0,0,0,0,1,0,1
418,"Silven, Miss. Lyyli Karoliina",0,2,250652,-0.4264972361304952,0,0,1,1,0,0,0,0,0,0,0,1,0,1
419,"Matthews, Mr. William John",0,0,28228,-0.4264972361304952,1,0,1,0,1,0,0,0,0,0,0,1,0,0
420,"Van Impe, Miss. Catharina",0,2,345773,0.32963756237915115,0,0,1,0,0,0,0,0,0,0,0,0,1,0
422,"Charters, Mr. David",0,0,A/5. 13032,-0.7836573386695764,1,1,0,0,1,0,0,0,0,0,0,0,1,0
423,"Zimmerman, Mr. Leo",0,0,315082,-0.774047984324391,1,0,1,0,1,0,0,0,0,0,0,0,1,0
424,"Danbom, Mrs. Ernst Gilbert (Anna Sigrid Maria Brogren)",1,1,347080,-0.3315565439409432,0,0,1,0,1,0,0,0,0,0,0,0,1,0
425,"Rosblom, Mr. Viktor Richard",1,1,370129,0.06261686559603608,1,0,1,1,0,0,0,0,0,0,0,0,1,0
427,"Clarke, Mrs. Charles V (Ada Maria Winfield)",1,0,2003,0.4550949056296307,0,0,1,0,1,0,0,0,0,0,0,1,0,1
428,"Phillips, Miss. Kate Florence (""Mrs Kate Louise Phillips Marshall"")",0,0,250655,0.4550949056296307,0,0,1,1,0,0,0,0,0,0,0,1,0,1
430,"Pickard, Mr. Berk (Berk Trembisky)",0,0,SOTON/O.Q. 392078,-0.7621803978006969,1,0,1,0,0,1,0,0,0,0,0,0,1,1
431,"Bjornstrom-Steffansson, Mr. Mauritz Hakan",0,0,110564,0.4923930347040976,1,0,1,0,1,0,0,0,0,0,1,0,0,1
433,"Louch, Mrs. Charles Alexander (Alice Adelaide Slow)",1,0,SC/AH 3085,0.4550949056296307,0,0,1,0,0,0,1,0,0,0,0,1,0,1
434,"Kallio, Mr. Nikolai Erland",0,0,STON/O 2. 3101274,-0.8249090694259368,1,0,1,1,0,0,0,0,0,0,0,0,1,0
435,"Silvey, Mr. William Baird",1,0,13507,2.48275683167792,1,0,1,0,0,0,1,0,0,0,1,0,0,0
437,"Ford, Miss. Doolina Margaret ""Daisy""",2,2,W./C. 6608,1.023043689263558,0,0,1,0,1,0,0,0,0,0,0,0,1,0
438,"Richards, Mrs. Sidney (Emily Hocking)",2,3,29106,-0.03656225035197799,0,0,1,0,1,0,0,0,0,0,0,1,0,1
440,"Kvillner, Mr. Johan Henrik Johannesson",0,0,C.A. 18723,-0.596034186468981,1,0,1,0,0,1,0,0,0,0,0,1,0,0
441,"Hart, Mrs. Benjamin (Esther Ada Bloomfield)",1,1,F.C.C. 13529,0.47204860066347926,0,0,1,0,0,0,1,0,0,0,0,1,0,1
442,"Hampe, Mr. Leon",0,0,345769,-0.6638489666043753,1,0,1,1,0,0,0,0,0,0,0,0,1,0
443,"Petterson, Mr. Johan Emil",1,0,347076,-0.7808294623379304,1,0,1,0,1,0,0,0,0,0,0,0,1,0
444,"Reynaldo, Ms. Encarnacion",0,0,230434,-0.4264972361304952,0,0,1,0,1,0,0,0,0,0,0,1,0,1
447,"Mellinger, Miss. Madeleine Violet",0,1,250644,0.014298834749567732,0,0,1,1,0,0,0,0,0,0,0,1,0,1
448,"Seward, Mr. Frederic Kimber",0,0,113794,0.4923930347040976,1,0,1,0,0,1,0,0,0,0,1,0,0,1
449,"Baclini, Miss. Marie Catherine",2,1,2666,-0.0020919976091571765,0,0,0,0,0,0,0,0,0,0,0,0,1,1
450,"Peuchen, Major. Arthur Godfrey",0,0,113786,0.7602614162389051,1,0,1,0,0,0,0,1,0,0,1,0,0,1
451,"West, Mr. Edwy Arthur",1,2,C.A. 34651,0.5737707708665707,1,0,1,0,0,1,0,0,0,0,0,1,0,0
453,"Foreman, Mr. Benjamin Laventall",0,0,113051,0.5737707708665707,1,0,0,0,1,0,0,0,0,0,1,0,0,0
456,"Jalsevac, Mr. Ivan",0,0,349240,-0.7726374368975747,1,0,0,0,1,0,0,0,0,0,0,0,1,1
457,"Millet, Mr. Francis Davis",0,0,13509,0.4923930347040976,1,0,1,0,0,0,0,0,1,0,1,0,0,0
459,"Toomey, Miss. Ellen",0,0,F.C.C. 13531,-0.596034186468981,0,0,1,0,0,0,1,0,0,0,0,1,0,1
461,"Anderson, Mr. Harry",0,0,19952,0.4923930347040976,1,0,1,0,0,0,1,0,0,0,1,0,0,1
462,"Morley, Mr. William",0,0,364506,-0.7621803978006969,1,0,1,0,0,1,0,0,0,0,0,0,1,0
463,"Gee, Mr. Arthur H",0,0,111320,1.3027796573220594,1,0,1,0,0,0,1,0,0,0,1,0,0,0
464,"Milling, Mr. Jacob Christian",0,0,234360,-0.4264972361304952,1,0,1,0,0,0,1,0,0,0,0,1,0,0
466,"Goncalves, Mr. Manuel Estanslas",0,0,SOTON/O.Q. 3101306,-0.8299951779360912,1,0,1,0,0,1,0,0,0,0,0,0,1,0
468,"Smart, Mr. John Montgomery",0,0,113792,0.4923930347040976,1,0,1,0,0,0,0,1,0,0,1,0,0,0
472,"Cacic, Mr. Luka",0,0,315089,-0.720643844967768,1,0,1,0,0,1,0,0,0,0,0,0,1,0
473,"West, Mrs. Edwy Arthur (Ada Mary Worth)",1,2,C.A. 34651,0.5737707708665707,0,0,1,0,0,1,0,0,0,0,0,1,0,1
474,"Jerwan, Mrs. Amin S (Marie Marthe Thuillard)",0,0,SC/AH Basle 541,-0.3728082746973035,0,0,0,0,1,0,0,0,0,0,0,1,0,1
475,"Strandberg, Miss. Ida Sofia",0,0,7553,-0.6409614783086797,0,0,1,0,1,0,0,0,0,0,0,0,1,0
477,"Renouf, Mr. Peter Henry",1,0,31027,0.11602100495265918,1,0,1,0,0,1,0,0,0,0,0,1,0,0
478,"Braund, Mr. Lewis Richard",1,0,3460,-0.83028000001266,1,0,1,0,1,0,0,0,0,0,0,0,1,0
479,"Karlsson, Mr. Nils August",0,0,350060,-0.7980679794483476,1,0,1,0,1,0,0,0,0,0,0,0,1,0
480,"Hirvonen, Miss. Hildur E",0,1,3101298,-0.4748152669769637,0,0,1,0,0,0,0,0,0,0,0,0,1,1
481,"Goodwin, Master. Harold Victor",5,2,CA 2144,1.8724238104593713,1,0,1,0,0,0,0,0,0,0,0,0,1,0
483,"Rouse, Mr. Richard Henry",0,0,A/5 3594,-0.7621803978006969,1,0,1,0,0,0,1,0,0,0,0,0,1,0
484,"Turkula, Mrs. (Hedwig)",0,0,4134,-0.6579151733425282,0,0,1,0,0,0,0,0,1,0,0,0,1,1
488,"Kent, Mr. Edward Austin",0,0,11771,0.7060095921305896,1,0,0,0,0,0,0,1,0,0,1,0,0,0
489,"Somerton, Mr. Francis William",0,0,A.5. 18509,-0.7621803978006969,1,0,1,0,1,0,0,0,0,0,0,0,1,0
490,"Coutts, Master. Eden Leslie ""Neville""",1,1,C.A. 37671,-0.22983437373785173,1,0,1,0,0,0,0,0,0,0,0,0,1,1
492,"Windelov, Mr. Einar",0,0,SOTON/OQ 3101317,-0.8164322219090124,1,0,1,0,1,0,0,0,0,0,0,0,1,0
493,"Molson, Mr. Harry Markland",0,0,113787,0.7602614162389051,1,0,1,0,0,0,0,1,0,0,1,0,0,0
494,"Artagaveytia, Mr. Ramon",0,0,PC 17609,2.049027060887965,1,0,0,0,0,0,0,0,0,1,1,0,0,0
495,"Stanley, Mr. Edward Roland",0,0,A/4 45380,-0.7621803978006969,1,0,1,0,1,0,0,0,0,0,0,0,1,0
500,"Svensson, Mr. Olof",0,0,350035,-0.7794189149111143,1,0,1,0,1,0,0,0,0,0,0,0,1,0
501,"Calic, Mr. Petar",0,0,315086,-0.720643844967768,1,0,1,1,0,0,0,0,0,0,0,0,1,0
502,"Canavan, Miss. Mary",0,0,364846,-0.7825248318413153,0,1,0,0,1,0,0,0,0,0,0,0,1,0
504,"Laitinen, Miss. Kristina Sofia",0,0,4135,-0.6579151733425282,0,0,1,0,0,1,0,0,0,0,0,0,1,0
507,"Quick, Mrs. Frederick Charles (Jane Richards)",0,2,26360,0.4550949056296307,0,0,1,0,0,1,0,0,0,0,0,1,0,1
509,"Olsen, Mr. Henry Margido",0,0,C 4001,0.2194385446591354,1,0,1,0,1,0,0,0,0,0,0,0,1,0
510,"Lang, Mr. Fang",0,0,1601,2.5231608776825887,1,0,1,0,1,0,0,0,0,0,0,0,1,1
511,"Daly, Mr. Eugene Patrick",0,0,382651,-0.7825248318413153,1,1,0,0,1,0,0,0,0,0,0,0,1,1
513,"McGough, Mr. James Robert",0,0,PC 17473,0.47459165491855665,1,0,1,0,0,1,0,0,0,0,1,0,0,1
514,"Rothschild, Mrs. Martin (Elizabeth L. Barrett)",1,0,PC 17603,2.7201085621518,0,0,0,0,0,0,0,1,0,0,1,0,0,1
515,"Coleff, Mr. Satio",0,0,349209,-0.7997633489517326,1,0,1,0,1,0,0,0,0,0,0,0,1,0
516,"Walker, Mr. William Anderson",0,0,36967,0.9990236941396013,1,0,1,0,0,0,1,0,0,0,1,0,0,0
517,"Lemore, Mrs. (Amelia Milley)",0,0,C.A. 34260,-0.596034186468981,0,0,1,0,0,1,0,0,0,0,0,1,0,1
519,"Angle, Mrs. William A (Florence ""Mary"" Agnes Hughes)",1,0,226875,0.4550949056296307,0,0,1,0,0,1,0,0,0,0,0,1,0,1
520,"Pavlovic, Mr. Stefo",0,0,349242,-0.7726374368975747,1,0,1,0,0,1,0,0,0,0,0,0,1,0
522,"Vovk, Mr. Janko",0,0,349252,-0.7726374368975747,1,0,1,0,1,0,0,0,0,0,0,0,1,0
524,"Hippach, Mrs. Louis Albert (Ida Sophia Fischer)",0,1,111361,2.6237573225354316,0,0,0,0,0,0,1,0,0,0,1,0,0,1
526,"Farrell, Mr. James",0,0,367232,-0.7825248318413153,1,1,0,0,0,0,1,0,0,0,0,0,1,0
527,"Ridsdale, Miss. Lucy",0,0,W./C. 14258,-0.596034186468981,0,0,1,0,0,0,1,0,0,0,0,1,0,1
529,"Salonen, Mr. Johan Werner",0,0,3101296,-0.7706572453176213,1,0,1,0,0,1,0,0,0,0,0,0,1,0
530,"Hocking, Mr. Richard George",2,1,29104,-0.5282194063335867,1,0,1,0,1,0,0,0,0,0,0,1,0,0
531,"Quick, Miss. Phyllis May",1,1,26360,0.4550949056296307,0,0,1,0,0,0,0,0,0,0,0,1,0,1
533,"Elias, Mr. Joseph Jr",1,1,2690,-0.8178427693358288,1,0,0,1,0,0,0,0,0,0,0,0,1,0
535,"Cacic, Miss. Marija",0,0,315084,-0.720643844967768,0,0,1,0,1,0,0,0,0,0,0,0,1,0
536,"Hart, Miss. Eva Miriam",0,2,F.C.C. 13529,0.47204860066347926,0,0,1,0,0,0,0,0,0,0,0,1,0,1
537,"Butt, Major. Archibald Willingham",0,0,113050,0.4923930347040976,1,0,1,0,0,0,1,0,0,0,1,0,0,0
540,"Frolicher, Miss. Hedwig Margaritha",0,2,13568,2.0487422388113967,0,0,0,0,1,0,0,0,0,0,1,0,0,1
541,"Crosby, Miss. Harriet R",0,2,WE/P 5735,3.5067600117223745,0,0,1,0,0,1,0,0,0,0,1,0,0,1
542,"Andersson, Miss. Ingeborg Constanzia",4,2,347082,0.8128178708438355,0,0,1,0,0,0,0,0,0,0,0,0,1,0
543,"Andersson, Miss. Sigrid Elisabeth",4,2,347082,0.8128178708438355,0,0,1,1,0,0,0,0,0,0,0,0,1,0
544,"Beane, Mr. Edward",1,0,2908,0.4550949056296307,1,0,1,0,0,1,0,0,0,0,0,1,0,1
546,"Nicholson, Mr. Arthur Ernest",0,0,693,0.4550949056296307,1,0,1,0,0,0,0,0,1,0,1,0,0,0
547,"Beane, Mrs. Edward (Ethel Clarke)",1,0,2908,0.4550949056296307,0,0,1,1,0,0,0,0,0,0,0,1,0,1
549,"Goldsmith, Mr. Frank John",1,1,363291,0.08380898438834679,1,0,1,0,0,1,0,0,0,0,0,0,1,0
550,"Davies, Master. John Morgan Jr",1,1,C.A. 33112,1.1841037920851194,1,0,1,0,0,0,0,0,0,0,0,1,0,1
552,"Sharp, Mr. Percival James R",0,0,244358,0.4550949056296307,1,0,1,0,1,0,0,0,0,0,0,1,0,0
554,"Leeni, Mr. Fahim (""Philip Zenni"")",0,0,2620,-0.8181275914123973,1,0,0,0,1,0,0,0,0,0,0,0,1,1
555,"Ohman, Miss. Velin",0,0,347085,-0.7808294623379304,0,0,1,0,1,0,0,0,0,0,0,0,1,1
556,"Wright, Mr. George",0,0,113807,0.4923930347040976,1,0,1,0,0,0,0,0,1,0,1,0,0,0
557,"Duff Gordon, Lady. (Lucille Christiana Sutherland) (""Mrs Morgan"")",1,0,11755,1.3773759154709933,0,0,0,0,0,0,1,0,0,0,1,0,0,1
560,"de Messemaeker, Mrs. Guillaume Joseph (Emma)",1,0,345572,-0.12811220353476038,0,0,1,0,0,1,0,0,0,0,0,0,1,1
562,"Sivic, Mr. Husein",0,0,349251,-0.7726374368975747,1,0,1,0,0,1,0,0,0,0,0,0,1,0
563,"Norman, Mr. Robert Douglas",0,0,218629,-0.39258984606279806,1,0,1,0,1,0,0,0,0,0,0,1,0,0
566,"Davies, Mr. Alfred J",2,0,A/4 48871,0.32963756237915115,1,0,1,0,1,0,0,0,0,0,0,0,1,0
567,"Stoytcheff, Mr. Ilia",0,0,349205,-0.7726374368975747,1,0,1,1,0,0,0,0,0,0,0,0,1,0
568,"Palsson, Mrs. Nils (Alma Cornelia Berglund)",0,4,349909,0.1211071134628137,0,0,1,0,1,0,0,0,0,0,0,0,1,0
570,"Jonsson, Mr. Carl",0,0,350417,-0.7754585317512073,1,0,1,0,0,1,0,0,0,0,0,0,1,1
571,"Harris, Mr. George",0,0,S.W./PP 752,-0.596034186468981,1,0,1,0,0,0,0,0,1,0,0,1,0,1
572,"Appleton, Mrs. Edward Dale (Charlotte Lamson)",2,0,11769,2.1829612516553687,0,0,1,0,0,0,0,1,0,0,1,0,0,1
573,"Flynn, Mr. John Irwin (""Irving"")",0,0,PC 17474,0.48137313293209594,1,0,1,0,0,1,0,0,0,0,1,0,0,1
575,"Rush, Mr. Alfred George John",0,0,A/4. 20589,-0.7621803978006969,1,0,1,1,0,0,0,0,0,0,0,0,1,0
576,"Patchett, Mr. George",0,0,358585,-0.32477506592740374,1,0,1,1,0,0,0,0,0,0,0,0,1,0
577,"Garside, Miss. Ethel",0,0,243880,-0.4264972361304952,0,0,1,0,0,1,0,0,0,0,0,1,0,1
578,"Silvey, Mrs. William Baird (Alice Munger)",1,0,13507,2.48275683167792,0,0,1,0,0,1,0,0,0,0,1,0,0,1
580,"Jussila, Mr. Eiriik",0,0,STON/O 2. 3101286,-0.7706572453176213,1,0,1,0,0,1,0,0,0,0,0,0,1,1
581,"Christy, Miss. Julie Rachel",1,1,237789,0.7263540261712079,0,0,1,0,1,0,0,0,0,0,0,1,0,1
583,"Downton, Mr. William James",0,0,28403,0.4550949056296307,1,0,1,0,0,0,0,1,0,0,0,1,0,0
584,"Ross, Mr. John Hugo",0,0,13049,1.4129786750420752,1,0,0,0,0,1,0,0,0,0,1,0,0,0
587,"Jarvis, Mr. John Denzil",0,0,237565,-0.29086767585970663,1,0,1,0,0,0,1,0,0,0,0,1,0,0
589,"Gilinski, Mr. Eliezer",0,0,14973,-0.7621803978006969,1,0,1,0,1,0,0,0,0,0,0,0,1,0
591,"Rintamaki, Mr. Matti",0,0,STON/O 2. 3101273,-0.8249090694259368,1,0,1,0,0,1,0,0,0,0,0,0,1,0
593,"Elsbury, Mr. William James",0,0,A/5 3902,-0.8164322219090124,1,0,1,0,0,0,1,0,0,0,0,0,1,0
595,"Chapman, Mr. John Henry",1,0,SC/AH 29037,0.4550949056296307,1,0,1,0,0,1,0,0,0,0,0,1,0,0
596,"Van Impe, Mr. Jean Baptiste",1,1,345773,0.32963756237915115,1,0,1,0,0,1,0,0,0,0,0,0,1,0
598,"Johnson, Mr. Alfred",0,0,LINE,-1.308089377890621,1,0,1,0,0,0,1,0,0,0,0,0,1,0
600,"Duff Gordon, Sir. Cosmo Edmund (""Mr Morgan"")",1,0,PC 17485,2.5525518033932677,1,0,0,0,0,0,1,0,0,0,1,0,0,1
601,"Jacobsohn, Mrs. Sidney Samuel (Amy Frances Christy)",2,1,243847,0.522909685765025,0,0,1,0,1,0,0,0,0,0,0,1,0,1
604,"Torber, Mr. Ernst William",0,0,364511,-0.7621803978006969,1,0,1,0,0,0,1,0,0,0,0,0,1,0
605,"Homer, Mr. Harry (""Mr E Haven"")",0,0,111426,0.4923930347040976,1,0,0,0,0,1,0,0,0,0,1,0,0,1
606,"Lindell, Mr. Edvard Bengtsson",1,0,349910,-0.2535695467852397,1,0,1,0,0,1,0,0,0,0,0,0,1,0
607,"Karaic, Mr. Milan",0,0,349246,-0.7726374368975747,1,0,1,0,1,0,0,0,0,0,0,0,1,0
608,"Daniel, Mr. Robert Williams",0,0,113804,0.7602614162389051,1,0,1,0,1,0,0,0,0,0,1,0,0,1
609,"Laroche, Mrs. Joseph (Juliette Marie Louise Lafargue)",1,2,SC/Paris 2123,1.5115949283149657,0,0,0,0,1,0,0,0,0,0,0,1,0,1
611,"Andersson, Mrs. Anders Johan (Alfrida Konstantia Brogren)",1,5,347082,0.8128178708438355,0,0,1,0,0,1,0,0,0,0,0,0,1,0
615,"Brocklebank, Mr. William Alfred",0,0,364512,-0.7621803978006969,1,0,1,0,0,1,0,0,0,0,0,0,1,0
616,"Herman, Miss. Alice",1,2,220845,3.0998713309100085,0,0,1,0,1,0,0,0,0,0,0,1,0,1
617,"Danbom, Mr. Ernst Gilbert",1,1,347080,-0.3315565439409432,1,0,1,0,0,1,0,0,0,0,0,0,1,0
618,"Lobb, Mrs. William Arthur (Cordelia K Stanlick)",1,0,A/5. 3336,-0.2162714177107728,0,0,1,0,1,0,0,0,0,0,0,0,1,0
619,"Becker, Miss. Marion Louise",2,1,230136,1.3366870473897565,0,0,1,0,0,0,0,0,0,0,0,1,0,1
620,"Gavey, Mr. Lawrence",0,0,31028,-0.596034186468981,1,0,1,0,1,0,0,0,0,0,0,1,0,0
621,"Yasbeck, Mr. Antoni",1,0,2659,-0.3278809828576048,1,0,0,0,1,0,0,0,0,0,0,0,1,0
622,"Kimball, Mr. Edwin Nelson Jr",1,0,11753,2.255862140300918,1,0,1,0,0,0,1,0,0,0,1,0,0,1
623,"Nakid, Mr. Sahid",1,1,2653,-0.24056945343328467,1,0,0,1,0,0,0,0,0,0,0,0,1,1
624,"Hansen, Mr. Henry Damsgaard",0,0,350029,-0.7754585317512073,1,0,1,0,1,0,0,0,0,0,0,0,1,0
625,"Bowen, Mr. David John ""Dai""",0,0,54636,-0.2162714177107728,1,0,1,0,1,0,0,0,0,0,0,0,1,0
626,"Sutton, Mr. Frederick",0,0,36963,0.8837385679094308,1,0,1,0,0,0,0,0,1,0,1,0,0,0
627,"Kirkland, Rev. Charles Leonard",0,0,219533,-0.4705768432185015,1,1,0,0,0,0,0,1,0,0,0,1,0,0
629,"Bostandyeff, Mr. Guentcho",0,0,349224,-0.7726374368975747,1,0,1,0,1,0,0,0,0,0,0,0,1,0
631,"Barkworth, Mr. Algernon Henry Wilson",0,0,27042,0.7263540261712079,1,0,1,0,0,0,0,0,0,1,1,0,0,1
632,"Lundahl, Mr. Johan Svensson",0,0,347743,-0.8297103558595227,1,0,1,0,0,0,0,1,0,0,0,0,1,0
633,"Stahelin-Maeglin, Dr. Max",0,0,13214,0.7602614162389051,1,0,0,0,0,1,0,0,0,0,1,0,0,1
635,"Skoog, Miss. Mabel",3,2,347088,0.5839429878868797,0,0,1,0,0,0,0,0,0,0,0,0,1,0
636,"Davis, Miss. Mary",0,0,237668,-0.4264972361304952,0,0,1,0,1,0,0,0,0,0,0,1,0,1
637,"Leinonen, Mr. Antti Gustaf",0,0,STON/O 2. 3101292,-0.7706572453176213,1,0,1,0,0,1,0,0,0,0,0,0,1,0
638,"Collyer, Mr. Harvey",1,1,C.A. 31921,0.47204860066347926,1,0,1,0,0,1,0,0,0,0,0,1,0,0
639,"Panula, Mrs. Juha (Maria Emilia Ojala)",0,5,3101295,1.38330970873284,0,0,1,0,0,0,1,0,0,0,0,0,1,0
641,"Jensen, Mr. Hans Peder",0,0,350050,-0.7754585317512073,1,0,1,1,0,0,0,0,0,0,0,0,1,0
642,"Sagesser, Mlle. Emma",0,0,PC 17477,3.391474885492204,0,0,0,0,1,0,0,0,0,0,1,0,0,1
643,"Skoog, Miss. Margit Elizabeth",3,2,347088,0.5839429878868797,0,0,1,0,0,0,0,0,0,0,0,0,1,0
647,"Cor, Mr. Liudevit",0,0,349231,-0.7726374368975747,1,0,1,1,0,0,0,0,0,0,0,0,1,0
648,"Simonius-Blumer, Col. Oberst Alfons",0,0,13213,1.0993353169158766,1,0,0,0,0,0,0,1,0,0,1,0,0,1
650,"Stanley, Miss. Amy Zillah Elsie",0,0,CA. 2314,-0.7960877878683941,0,0,1,0,1,0,0,0,0,0,0,0,1,1
652,"Doling, Miss. Elsie",0,1,231919,0.2516505652234478,0,0,1,1,0,0,0,0,0,0,0,1,0,1
653,"Kalvik, Mr. Johannes Halvorsen",0,0,8475,-0.7361869925748005,1,0,1,0,1,0,0,0,0,0,0,0,1,0
655,"Hegarty, Miss. Hanora ""Nora""",0,0,365226,-0.8503396119767096,0,1,0,1,0,0,0,0,0,0,0,0,1,0
658,"Bourke, Mrs. John (Catherine)",1,1,364849,-0.25696028579200947,0,1,0,0,0,1,0,0,0,0,0,0,1,0
659,"Eitemiller, Mr. George Floyd",0,0,29751,-0.4264972361304952,1,0,1,0,1,0,0,0,0,0,0,1,0,0
662,"Badt, Mr. Mohamed",0,0,2623,-0.8181275914123973,1,0,0,0,0,1,0,0,0,0,0,0,1,0
663,"Colley, Mr. Edward Pomeroy",0,0,5727,0.4271213088237804,1,0,1,0,0,0,1,0,0,0,1,0,0,0
664,"Coleff, Mr. Peju",0,0,349210,-0.7997633489517326,1,0,1,0,0,1,0,0,0,0,0,0,1,0
665,"Lindqvist, Mr. Eino William",1,0,STON/O 2. 3101285,-0.7706572453176213,1,0,1,1,0,0,0,0,0,0,0,0,1,1
667,"Butler, Mr. Reginald Fenton",0,0,234686,-0.4264972361304952,1,0,1,0,1,0,0,0,0,0,0,1,0,0
669,"Cook, Mr. Jacob",0,0,A/5 3536,-0.7621803978006969,1,0,1,0,0,0,1,0,0,0,0,0,1,0
671,"Brown, Mrs. Thomas William Solomon (Elizabeth Catherine Ford)",1,1,29750,1.3366870473897565,0,0,1,0,0,1,0,0,0,0,0,1,0,1
672,"Davidson, Mr. Thornton",1,0,F.C. 12750,2.2182791891498828,1,0,1,0,0,1,0,0,0,0,1,0,0,0
673,"Mitchell, Mr. Henry Michael",0,0,C.A. 24580,-0.596034186468981,1,0,1,0,0,0,0,0,1,0,0,1,0,0
674,"Wilhelms, Mr. Charles",0,0,244270,-0.4264972361304952,1,0,1,0,0,1,0,0,0,0,0,1,0,1
676,"Edvardsson, Mr. Gustaf Hjalmar",0,0,349912,-0.7808294623379304,1,0,1,1,0,0,0,0,0,0,0,0,1,0
677,"Sawyer, Mr. Frederick Charles",0,0,342826,-0.7621803978006969,1,0,1,0,1,0,0,0,0,0,0,0,1,0
678,"Turja, Miss. Anna Sofia",0,0,4138,-0.6406766562321111,0,0,1,1,0,0,0,0,0,0,0,0,1,1
679,"Goodwin, Mrs. Frederick (Augusta Tyler)",1,6,CA 2144,1.8724238104593713,0,0,1,0,0,0,1,0,0,0,0,0,1,0
683,"Olsvigen, Mr. Thor Anderson",0,0,6563,-0.6824980311416087,1,0,1,1,0,0,0,0,0,0,0,0,1,0
684,"Goodwin, Mr. Charles Edward",5,2,CA 2144,1.8724238104593713,1,0,1,1,0,0,0,0,0,0,0,0,1,0
685,"Brown, Mr. Thomas William Solomon",1,1,29750,1.3366870473897565,1,0,1,0,0,0,0,1,0,0,0,1,0,0
686,"Laroche, Mr. Joseph Philippe Lemercier",1,2,SC/Paris 2123,1.5115949283149657,1,0,0,0,1,0,0,0,0,0,0,1,0,0
687,"Panula, Mr. Jaako Arnold",4,1,3101295,1.38330970873284,1,0,1,1,0,0,0,0,0,0,0,0,1,0
688,"Dakic, Mr. Branko",0,0,349228,-0.6183588120895528,1,0,1,1,0,0,0,0,0,0,0,0,1,0
689,"Fischer, Mr. Eberhard Thelander",0,0,350036,-0.7794189149111143,1,0,1,1,0,0,0,0,0,0,0,0,1,0
691,"Dick, Mr. Albert Adrian",1,0,17474,2.5573530898268544,1,0,1,0,0,1,0,0,0,0,1,0,0,1
692,"Karun, Miss. Manca",0,1,349256,-0.39823881724807636,0,0,0,0,0,0,0,0,0,0,0,0,1,1
694,"Saad, Mr. Khalil",0,0,2672,-0.8181275914123973,1,0,0,0,1,0,0,0,0,0,0,0,1,0
695,"Weir, Col. John",0,0,113800,0.4923930347040976,1,0,1,0,0,0,0,1,0,0,1,0,0,0
696,"Chapman, Mr. Charles Henry",0,0,248731,-0.39258984606279806,1,0,1,0,0,0,0,1,0,0,0,1,0,0
697,"Kelly, Mr. James",0,0,363592,-0.7621803978006969,1,0,1,0,0,0,1,0,0,0,0,0,1,0
700,"Humblen, Mr. Adolf Mathias Nicolai Olsen",0,0,348121,-0.7893063098548547,1,0,1,0,0,0,1,0,0,0,0,0,1,0
702,"Silverthorne, Mr. Spencer Victor",0,0,PC 17475,0.47459165491855665,1,0,1,0,0,1,0,0,0,0,1,0,0,1
703,"Barbara, Miss. Saiide",0,1,2691,-0.3278809828576048,0,0,0,1,0,0,0,0,0,0,0,0,1,0
704,"Gallagher, Mr. Martin",0,0,36864,-0.7830876945164391,1,1,0,0,1,0,0,0,0,0,0,0,1,0
705,"Hansen, Mr. Henrik Juul",1,0,350025,-0.7754585317512073,1,0,1,0,1,0,0,0,0,0,0,0,1,0
706,"Morley, Mr. Henry Samuel (""Mr Henry Marshall"")",0,0,250655,0.4550949056296307,1,0,1,0,0,1,0,0,0,0,0,1,0,0
707,"Kelly, Mrs. Florence ""Fannie""",0,0,223596,-0.39258984606279806,0,0,1,0,0,0,1,0,0,0,0,1,0,1
708,"Calderhead, Mr. Edward Pennington",0,0,PC 17476,0.47459165491855665,1,0,1,0,0,0,1,0,0,0,1,0,0,1
711,"Mayne, Mlle. Berthe Antonine (""Mrs de Villiers"")",0,0,PC 17482,2.049027060887965,0,0,0,0,1,0,0,0,0,0,1,0,0,1
713,"Taylor, Mr. Elmer Zebley",1,0,19996,2.2182791891498828,1,0,1,0,0,0,1,0,0,0,1,0,0,1
714,"Larsson, Mr. August Viktor",0,0,7545,-0.6649814734326364,1,0,1,0,1,0,0,0,0,0,0,0,1,0
715,"Greenberg, Mr. Samuel",0,0,250647,-0.4264972361304952,1,0,1,0,0,0,0,1,0,0,0,1,0,0
716,"Soholt, Mr. Peter Andreas Lauritz Andersen",0,0,348124,-0.7893063098548547,1,0,1,1,0,0,0,0,0,0,0,0,1,0
718,"Troutt, Miss. Edwina Celia ""Winnie""",0,0,34218,-0.596034186468981,0,0,1,0,1,0,0,0,0,0,0,1,0,1
720,"Johnson, Mr. Malkolm Joackim",0,0,347062,-0.7808294623379304,1,0,1,0,0,1,0,0,0,0,0,0,1,0
721,"Harper, Miss. Annie Jessie ""Nina""",0,1,248727,0.9297983665773908,0,0,1,0,0,0,0,0,0,0,0,1,0,1
722,"Jensen, Mr. Svend Lauritz",1,0,350048,-0.8297103558595227,1,0,1,1,0,0,0,0,0,0,0,0,1,0
723,"Gillespie, Mr. William Henry",0,0,12233,-0.4264972361304952,1,0,1,0,0,1,0,0,0,0,0,1,0,0
724,"Hodges, Mr. Henry Price",0,0,250643,-0.4264972361304952,1,0,1,0,0,0,1,0,0,0,0,1,0,0
725,"Chambers, Mr. Norman Campbell",1,0,113806,2.292875447298816,1,0,1,0,1,0,0,0,0,0,1,0,0,1
726,"Oreskovic, Mr. Luka",0,0,315094,-0.720643844967768,1,0,1,1,0,0,0,0,0,0,0,0,1,0
727,"Renouf, Mrs. Peter Henry (Lillian Jefferys)",3,0,31027,0.11602100495265918,0,0,1,0,1,0,0,0,0,0,0,1,0,1
729,"Bryhl, Mr. Kurt Arnold Gottfrid",1,0,236853,0.4550949056296307,1,0,1,0,1,0,0,0,0,0,0,1,0,0
730,"Ilmakangas, Miss. Pieta Sofia",1,0,STON/O2. 3101271,-0.7706572453176213,0,0,1,0,1,0,0,0,0,0,0,0,1,0
732,"Hassan, Mr. Houssein G N",0,0,2699,-0.03401919609690061,1,0,0,1,0,0,0,0,0,0,0,0,1,0
734,"Berriman, Mr. William John",0,0,28425,-0.4264972361304952,1,0,1,0,1,0,0,0,0,0,0,1,0,0
735,"Troupiansky, Mr. Moses Aaron",0,0,233639,-0.4264972361304952,1,0,1,0,1,0,0,0,0,0,0,1,0,0
736,"Williams, Mr. Leslie",0,0,54636,-0.2162714177107728,1,0,1,0,1,0,0,0,0,0,0,0,1,0
737,"Ford, Mrs. Edward (Margaret Ann Watson)",1,3,W./C. 6608,1.023043689263558,0,0,1,0,0,0,1,0,0,0,0,0,1,0
744,"McNamee, Mr. Neal",1,0,376566,-0.2162714177107728,1,0,1,0,1,0,0,0,0,0,0,0,1,0
745,"Stranden, Mr. Juho",0,0,STON/O 2. 3101288,-0.7706572453176213,1,0,1,0,0,1,0,0,0,0,0,0,1,1
746,"Crosby, Capt. Edward Gifford",1,1,WE/P 5735,3.5067600117223745,1,0,1,0,0,0,0,0,1,0,1,0,0,0
747,"Abbott, Mr. Rossmore Edward",1,1,C.A. 2673,0.06515991985111345,1,0,1,1,0,0,0,0,0,0,0,0,1,0
748,"Sinkkonen, Miss. Anna",0,0,250648,-0.4264972361304952,0,0,1,0,1,0,0,0,0,0,0,1,0,1
749,"Marvin, Mr. Daniel Warner",1,0,113773,2.292875447298816,1,0,1,1,0,0,0,0,0,0,1,0,0,0
750,"Connaghton, Mr. Michael",0,0,335097,-0.7825248318413153,1,1,0,0,0,1,0,0,0,0,0,0,1,0
751,"Wells, Miss. Joan",1,1,29103,0.2516505652234478,0,0,1,0,0,0,0,0,0,0,0,1,0,1
752,"Moor, Master. Meier",0,1,392096,-0.4620999957015772,1,0,1,0,0,0,0,0,0,0,0,0,1,1
753,"Vande Velde, Mr. Johannes Joseph",0,0,345780,-0.6638489666043753,1,0,1,0,0,1,0,0,0,0,0,0,1,0
754,"Jonkoff, Mr. Lalio",0,0,349204,-0.7726374368975747,1,0,1,0,1,0,0,0,0,0,0,0,1,0
755,"Herman, Mrs. Samuel (Jane Laver)",1,2,220845,3.0998713309100085,0,0,1,0,0,0,1,0,0,0,0,1,0,1
757,"Carlsson, Mr. August Sigfrid",0,0,350042,-0.7794189149111143,1,0,1,0,1,0,0,0,0,0,0,0,1,0
758,"Bailey, Mr. Percy Andrew",0,0,29108,-0.5282194063335867,1,0,1,1,0,0,0,0,0,0,0,1,0,0
759,"Theobald, Mr. Thomas Leonard",0,0,363294,-0.7621803978006969,1,0,1,0,0,1,0,0,0,0,0,0,1,0
762,"Nirva, Mr. Iisakki Antino Aijo",0,0,SOTON/O2 3101272,-0.8249090694259368,1,0,1,0,0,0,1,0,0,0,0,0,1,0
763,"Barah, Mr. Hanna Assi",0,0,2663,-0.8178427693358288,1,0,0,1,0,0,0,0,0,0,0,0,1,1
765,"Eklund, Mr. Hans Linus",0,0,347074,-0.7808294623379304,1,0,1,1,0,0,0,0,0,0,0,0,1,0
768,"Mangan, Miss. Mary",0,0,364850,-0.7825248318413153,0,1,0,0,0,1,0,0,0,0,0,0,1,0
770,"Gronnestad, Mr. Daniel Danielsen",0,0,8471,-0.7409882790083863,1,0,1,0,0,1,0,0,0,0,0,0,1,0
771,"Lievens, Mr. Rene Aime",0,0,345781,-0.6638489666043753,1,0,1,0,1,0,0,0,0,0,0,0,1,0
772,"Jensen, Mr. Niels Peder",0,0,350047,-0.7754585317512073,1,0,1,0,0,0,1,0,0,0,0,0,1,0
773,"Mack, Mrs. (Mary)",0,0,S.O./P.P. 3,-0.596034186468981,0,0,1,0,0,0,0,1,0,0,0,1,0,0
775,"Hocking, Mrs. Elizabeth (Eliza Needs)",1,3,29105,0.2516505652234478,0,0,1,0,0,0,0,1,0,0,0,1,0,1
776,"Myhrman, Mr. Pehr Fabian Oliver Malkolm",0,0,347078,-0.7825248318413153,1,0,1,1,0,0,0,0,0,0,0,0,1,0
778,"Emanuel, Miss. Virginia Ethel",0,0,364516,-0.4620999957015772,0,0,1,0,0,0,0,0,0,0,0,0,1,1
781,"Ayoub, Miss. Banoura",0,0,2687,-0.8178427693358288,0,0,0,1,0,0,0,0,0,0,0,0,1,1
782,"Dick, Mrs. Albert Adrian (Vera Gillespie)",1,0,17474,2.5573530898268544,0,0,1,1,0,0,0,0,0,0,1,0,0,1
783,"Long, Mr. Milton Clyde",0,0,113501,0.7263540261712079,1,0,1,0,1,0,0,0,0,0,1,0,0,0
785,"Ali, Mr. William",0,0,SOTON/O.Q. 3101312,-0.8299951779360912,1,0,1,0,1,0,0,0,0,0,0,0,1,0
786,"Harmer, Mr. Abraham (David Lishin)",0,0,374887,-0.8164322219090124,1,0,1,0,1,0,0,0,0,0,0,0,1,0
787,"Sjoblom, Miss. Anna Sofia",0,0,3101265,-0.7997633489517326,0,0,1,1,0,0,0,0,0,0,0,0,1,1
788,"Rice, Master. George Hugh",4,1,382652,0.6670160935527378,1,1,0,0,0,0,0,0,0,0,0,0,1,0
789,"Dean, Master. Bertram Vere",1,2,C.A. 2315,0.08719972339511656,1,0,1,0,0,0,0,0,0,0,0,0,1,1
792,"Gaskell, Mr. Alfred",0,0,239865,0.4550949056296307,1,0,1,1,0,0,0,0,0,0,0,1,0,0
795,"Dantcheff, Mr. Ristiu",0,0,349203,-0.7726374368975747,1,0,1,0,1,0,0,0,0,0,0,0,1,0
796,"Otter, Mr. Richard",0,0,28213,-0.4264972361304952,1,0,1,0,0,1,0,0,0,0,0,1,0,0
797,"Leader, Dr. Alice (Farnham)",0,0,17465,0.4502936191960449,0,0,1,0,0,0,1,0,0,0,1,0,0,1
798,"Osman, Mrs. Mara",0,0,349244,-0.7192332975409519,0,0,1,0,0,1,0,0,0,0,0,0,1,1
799,"Ibrahim Shawah, Mr. Yousseff",0,0,2685,-0.8178427693358288,1,0,0,0,1,0,0,0,0,0,0,0,1,0
800,"Van Impe, Mrs. Jean Baptiste (Rosalie Paula Govaert)",1,1,345773,0.32963756237915115,0,0,1,0,1,0,0,0,0,0,0,0,1,0
801,"Ponesell, Mr. Martin",0,0,250647,-0.4264972361304952,1,0,1,0,0,1,0,0,0,0,0,1,0,0
802,"Collyer, Mrs. Harvey (Charlotte Annie Tate)",1,1,C.A. 31921,0.47204860066347926,0,0,1,0,0,1,0,0,0,0,0,1,0,1
805,"Hedman, Mr. Oskar Arvid",0,0,347089,-0.8350812864462459,1,0,1,0,1,0,0,0,0,0,0,0,1,1
806,"Johansson, Mr. Karl Johan",0,0,347063,-0.7808294623379304,1,0,1,0,0,1,0,0,0,0,0,0,1,0
807,"Andrews, Mr. Thomas Jr",0,0,112050,-1.308089377890621,1,0,1,0,0,1,0,0,0,0,1,0,0,0
808,"Pettersson, Miss. Ellen Natalia",0,0,347087,-0.7808294623379304,0,0,1,1,0,0,0,0,0,0,0,0,1,0
809,"Meyer, Mr. August",0,0,248723,-0.4264972361304952,1,0,1,0,0,1,0,0,0,0,0,1,0,0
810,"Chambers, Mrs. Norman Campbell (Bertha Griggs)",1,0,113806,2.292875447298816,0,0,1,0,0,1,0,0,0,0,1,0,0,1
811,"Alexander, Mr. William",0,0,3474,-0.7732002995726986,1,0,1,0,1,0,0,0,0,0,0,0,1,0
812,"Lester, Mr. James",0,0,A/4 48871,0.32963756237915115,1,0,1,0,0,1,0,0,0,0,0,0,1,0
813,"Slemen, Mr. Richard James",0,0,28206,-0.596034186468981,1,0,1,0,0,1,0,0,0,0,0,1,0,0
814,"Andersson, Miss. Ebba Iris Alfrida",4,2,347082,0.8128178708438355,0,0,1,0,0,0,0,0,0,0,0,0,1,0
815,"Tomlin, Mr. Ernest Portage",0,0,364499,-0.7621803978006969,1,0,1,0,0,1,0,0,0,0,0,0,1,0
817,"Heininen, Miss. Wendla Maria",0,0,STON/O2. 3101290,-0.7706572453176213,0,0,1,0,1,0,0,0,0,0,0,0,1,0
818,"Mallet, Mr. Albert",1,1,S.C./PARIS 2079,1.2013423091955364,1,0,0,0,0,1,0,0,0,0,0,1,0,0
819,"Holm, Mr. John Fredrik Alexander",0,0,C 7075,-0.870684046017328,1,0,1,0,0,0,1,0,0,0,0,0,1,0
820,"Skoog, Master. Karl Thorsten",3,2,347088,0.5839429878868797,1,0,1,0,0,0,0,0,0,0,0,0,1,0
822,"Lulic, Mr. Nikola",0,0,315098,-0.720643844967768,1,0,1,0,1,0,0,0,0,0,0,0,1,1
823,"Reuchlin, Jonkheer. John George",0,0,19972,-1.308089377890621,1,0,1,0,0,1,0,0,0,0,1,0,0,0
824,"Moor, Mrs. (Beila)",0,1,392096,-0.4620999957015772,0,0,1,0,1,0,0,0,0,0,0,0,1,1
825,"Panula, Master. Urho Abraham",4,1,3101295,1.38330970873284,1,0,1,0,0,0,0,0,0,0,0,0,1,0
828,"Mallet, Master. Andre",0,2,S.C./PARIS 2079,1.2013423091955364,1,0,0,0,0,0,0,0,0,0,0,1,0,1
831,"Yasbeck, Mrs. Antoni (Selini Alexander)",1,0,2659,-0.3278809828576048,0,0,0,1,0,0,0,0,0,0,0,0,1,1
834,"Augustsson, Mr. Albert",0,0,347468,-0.7754585317512073,1,0,1,0,1,0,0,0,0,0,0,0,1,0
835,"Allum, Mr. Owen George",0,0,2223,-0.7452267027668483,1,0,1,1,0,0,0,0,0,0,0,0,1,0
837,"Pasic, Mr. Jakob",0,0,315097,-0.720643844967768,1,0,1,0,1,0,0,0,0,0,0,0,1,0
839,"Chip, Mr. Chang",0,0,1601,2.5231608776825887,1,0,1,0,0,1,0,0,0,0,0,0,1,1
841,"Alhomaki, Mr. Ilmari Rudolf",0,0,SOTON/O2 3101287,-0.7706572453176213,1,0,1,1,0,0,0,0,0,0,0,0,1,0
842,"Mudd, Mr. Thomas Charles",0,0,S.O./P.P. 3,-0.596034186468981,1,0,1,1,0,0,0,0,0,0,0,1,0,0
843,"Serepeca, Miss. Augusta",0,0,113798,0.7941688063066021,0,0,0,0,1,0,0,0,0,0,1,0,0,1
844,"Lemberopolous, Mr. Peter L",0,0,2683,-0.8715317307690204,1,0,0,0,0,1,0,0,0,0,0,0,1,0
845,"Culumovic, Mr. Jeso",0,0,315090,-0.720643844967768,1,0,1,1,0,0,0,0,0,0,0,0,1,0
846,"Abbing, Mr. Anthony",0,0,C.A. 5547,-0.7960877878683941,1,0,1,0,0,0,1,0,0,0,0,0,1,0
848,"Markoff, Mr. Marin",0,0,349213,-0.7726374368975747,1,0,0,0,0,1,0,0,0,0,0,0,1,0
849,"Harper, Rev. John",0,1,248727,0.9297983665773908,1,0,1,0,1,0,0,0,0,0,0,1,0,0
851,"Andersson, Master. Sigvard Harald Elias",4,2,347082,0.8128178708438355,1,0,1,0,0,0,0,0,0,0,0,0,1,0
852,"Svensson, Mr. Johan",0,0,347060,-0.7808294623379304,1,0,1,0,0,0,0,0,0,1,0,0,1,0
853,"Boulos, Miss. Nourelain",1,1,2678,-0.27419880290242676,0,0,0,0,0,0,0,0,0,0,0,0,1,0
854,"Lines, Miss. Mary Conover",0,1,PC 17592,1.3638129594439141,0,0,1,1,0,0,0,0,0,0,1,0,0,1
855,"Carter, Mrs. Ernest Courtenay (Lilian Hughes)",1,0,244252,0.4550949056296307,0,0,1,0,0,0,1,0,0,0,0,1,0,0
856,"Aks, Mrs. Sam (Leah Rosen)",0,1,392091,-0.6740211836246844,0,0,1,1,0,0,0,0,0,0,0,0,1,1
858,"Daly, Mr. Peter Denis ",0,0,113055,0.4923930347040976,1,0,1,0,0,0,0,1,0,0,1,0,0,1
859,"Baclini, Mrs. Solomon (Latifa Qurban)",0,3,2666,-0.0020919976091571765,0,0,0,0,1,0,0,0,0,0,0,0,1,1
861,"Hansen, Mr. Claus Peter",2,0,350026,-0.3513381153064377,1,0,1,0,0,0,1,0,0,0,0,0,1,0
862,"Giles, Mr. Frederick Edward",1,0,28134,-0.5282194063335867,1,0,1,0,1,0,0,0,0,0,0,1,0,0
863,"Swift, Mrs. Frederick Joel (Margaret Welles Barron)",0,0,17466,0.4502936191960449,0,0,1,0,0,0,1,0,0,0,1,0,0,1
865,"Gill, Mr. John William",0,0,233866,-0.4264972361304952,1,0,1,0,1,0,0,0,0,0,0,1,0,0
866,"Bystrom, Mrs. (Karolina)",0,0,236852,-0.4264972361304952,0,0,1,0,0,0,1,0,0,0,0,1,0,1
867,"Duran y More, Miss. Asuncion",1,0,SC/PARIS 2149,-0.3682918103402863,0,0,0,0,1,0,0,0,0,0,0,1,0,1
868,"Roebling, Mr. Washington Augustus II",0,0,PC 17590,2.1162721968702227,1,0,1,0,0,1,0,0,0,0,1,0,0,0
870,"Johnson, Master. Harold Theodor",1,1,347742,-0.5530870862092357,1,0,1,0,0,0,0,0,0,0,0,0,1,1
871,"Balkic, Mr. Cerin",0,0,349248,-0.7726374368975747,1,0,1,0,1,0,0,0,0,0,0,0,1,0
872,"Beckwith, Mrs. Richard Leonard (Sallie Monypeny)",1,1,11751,2.255862140300918,0,0,1,0,0,0,1,0,0,0,1,0,0,1
873,"Carlsson, Mr. Frans Olof",0,0,695,-0.9690154772136497,1,0,1,0,0,1,0,0,0,0,1,0,0,0
874,"Vander Cruyssen, Mr. Victor",0,0,345765,-0.6977563566720724,1,0,1,0,0,0,1,0,0,0,0,0,1,0
875,"Abelson, Mrs. Samuel (Hannah Wizosky)",1,0,P/PP 3381,0.3194653453588421,0,0,0,0,1,0,0,0,0,0,0,1,0,1
876,"Najib, Miss. Adele Kiamie ""Jane""",0,0,2667,-0.8181275914123973,0,0,0,1,0,0,0,0,0,0,0,0,1,1
877,"Gustafsson, Mr. Alfred Ossian",0,0,7534,-0.6403986156335558,1,0,1,1,0,0,0,0,0,0,0,0,1,0
878,"Petroff, Mr. Nedelio",0,0,349212,-0.7726374368975747,1,0,1,1,0,0,0,0,0,0,0,0,1,0
881,"Shelley, Mrs. William (Imanita Parrish Hall)",0,1,230433,0.4550949056296307,0,0,1,0,1,0,0,0,0,0,0,1,0,1
882,"Markun, Mr. Johann",0,0,349257,-0.7726374368975747,1,0,1,0,0,1,0,0,0,0,0,0,1,0
883,"Dahlberg, Miss. Gerda Ulrika",0,0,7552,-0.5949016796407198,0,0,1,0,1,0,0,0,0,0,0,0,1,0
884,"Banfield, Mr. Frederick James",0,0,C.A./SOTON 34068,-0.596034186468981,1,0,1,0,1,0,0,0,0,0,0,1,0,0
885,"Sutehall, Mr. Henry Jr",0,0,SOTON/OQ 392076,-0.8299951779360912,1,0,1,0,1,0,0,0,0,0,0,0,1,0
886,"Rice, Mrs. William (Margaret Norton)",0,5,382652,0.6670160935527378,0,1,0,0,0,1,0,0,0,0,0,0,1,0
887,"Montvila, Rev. Juozas",0,0,211536,-0.4264972361304952,1,0,1,0,1,0,0,0,0,0,0,1,0,0
888,"Graham, Miss. Margaret Edith",0,0,112053,0.7263540261712079,0,0,1,1,0,0,0,0,0,0,1,0,0,1
890,"Behr, Mr. Karl Howell",0,0,111369,0.7263540261712079,1,0,0,0,1,0,0,0,0,0,1,0,0,1
891,"Dooley, Mr. Patrick",0,0,370376,-0.7825248318413153,1,1,0,0,0,1,0,0,0,0,0,0,1,0
